{"cameraMode":{"drawMode":0,"name":"Shaded","section":"Shading Mode"},"sceneLighting":true,"audioPlay":false,"sceneViewState":{"m_AlwaysRefresh":false,"showFog":true,"showSkybox":true,"showFlares":true,"showImageEffects":true,"showParticleSystems":true,"showVisualEffectGraphs":true,"m_FxEnabled":true},"in2DMode":false,"pivot":{"x":-0.3439521789550781,"y":0.3168433904647827,"z":0.6763741970062256},"rotation":{"x":-0.06564491987228394,"y":0.8174468278884888,"z":-0.09509365260601044,"w":-0.5642979145050049},"size":2.8892974853515627,"orthographic":false}