{"cameraMode":{"drawMode":0,"name":"Shaded","section":"Shading Mode"},"sceneLighting":true,"audioPlay":false,"sceneViewState":{"m_AlwaysRefresh":false,"showFog":true,"showSkybox":true,"showFlares":true,"showImageEffects":true,"showParticleSystems":true,"showVisualEffectGraphs":true,"m_FxEnabled":true},"in2DMode":false,"pivot":{"x":0.2210855484008789,"y":-0.5550150871276856,"z":0.1215372085571289},"rotation":{"x":-0.11856195330619812,"y":0.8801688551902771,"z":-0.2988364100456238,"w":-0.34920403361320498},"size":1.9243505001068116,"orthographic":false}